{"cameraMode":{"drawMode":0,"name":"Shaded","section":"Shading Mode"},"sceneLighting":false,"audioPlay":false,"sceneViewState":{"m_AlwaysRefresh":false,"showFog":true,"showSkybox":false,"showFlares":true,"showImageEffects":true,"showParticleSystems":true,"showVisualEffectGraphs":true,"m_FxEnabled":true},"in2DMode":false,"pivot":{"x":841.9000244140625,"y":390.50006103515627,"z":16.549999237060548},"rotation":{"x":0.47277361154556277,"y":-0.11151233315467835,"z":0.06045856699347496,"w":0.8720066547393799},"size":935.6463623046875,"orthographic":false}